"pre-crisi",6404
"pre-produzione",4563
"pre-gara",3881
"pre-esistenti",3638
"pre-elettorale",3571
"pre-iscrizione",3510
"pre-esistente",3449
"pre-partita",3282
"pre-order",2924
"pre-campionato",2878
"pre-ordine",2730
"pre-impianto",1956
"pre-trattamento",1947
"pre-operatoria",1808
"pre-industriale",1791
"pre-romana",1746
"pre-elettorali",1699
"pre-parto",1690
"pre-ordini",1688
"pre-vendita",1669
"pre-allenamento",1615
"pre-iscrizioni",1585
"pre-natalizio",1553
"pre-morte",1472
"pre-selezione",1440
"pre-registrazione",1397
"pre-requisito",1314
"pre-ruolo",1312
"pre-adolescenti",1251
"pre-eclampsia",1143
"pre-requisiti",1138
"pre-serie",1116
"pre-workout",1111
"pre-condizione",1111
"pre-scolare",1104
"pre-partenza",1090
"pre-installato",1085
"pre-menopausa",1083
"pre-post",1035
"pre-apertura",1035
"pre-scuola",1018
"pre-adesione",1014
"pre-shampoo",992
"pre-season",991
"pre-stagione",980
"pre-affido",972
"pre-test",967
"pre-giudizio",957
"pre-operatorio",939
"pre-impostati",930
"pre-giudizi",924
"pre-Covid",907
"pre-dissesto",846
"pre-finale",840
"pre-industriali",828
"pre-cristiana",791
"pre-clinica",769
"pre-registrati",752
"pre-riforma",748
"pre-termine",743
"pre-condizioni",733
"pre-esercizio",732
"pre-clinici",723
"pre-natalizia",710
"pre-release",705
"pre-mestruale",703
"pre-acquisto",698
"pre-emergenza",680
"pre-intervento",664
"pre-lancio",663
"pre-accordo",645
"pre-ricovero",635
"pre-esame",634
"pre-natale",633
"pre-match",624
"pre-diabete",624
"pre-adolescenziale",622
"pre-matrimoniale",620
"pre-moderna",618
"pre-adolescenza",612
"pre-ordinare",608
"pre-autorizzazione",608
"pre-intesa",606
"pre-serale",604
"pre-conciliare",595
"pre-show",568
"pre-rivoluzionaria",568
"pre-confezionati",558
"pre-evento",542
"pre-CIPE",535
"pre-allarme",532
"pre-registrate",527
"pre-installate",527
"pre-accademici",505
"pre-iscritti",503
"pre-unitari",489
"pre-contrattuale",488
"pre-stampa",488
"pre-fattibilità",480
"pre-impostato",479
"pre-installati",477
"pre-operatori",475
"pre-impostate",473
"pre-amplificatore",469
"pre-cristiano",466
"pre-esposizione",457
"pre-pensionamento",452
"pre-moderno",451
"pre-registrato",451
"pre-trapianto",450
"pre-riscaldamento",450
"pre-cancerose",438
"pre-filtro",436
"pre-laurea",435
"pre-romano",433
"pre-selezionati",433
"pre-testo",432
"pre-raccolta",432
"pre-assemblati",430
"pre-restyling",420
"pre-phono",420
"pre-eiaculatorio",413
"pre-ordinato",412
"pre-politica",409
"pre-iscriversi",406
"pre-dreadnought",403
"pre-programmati",400
"pre-flop",397
"pre-colombiana",389
"pre-islamica",389
"pre-installata",388
"pre-elaborazione",387
"pre-evoluzione",382
"pre-unitaria",381
"pre-bellico",380
"pre-frontale",377
"pre-consegna",375
"pre-politico",370
"pre-euro",369
"pre-cristiane",362
"pre-pasquale",359
"pre-triage",357
"pre-contratto",355
"pre-confezionate",353
"pre-gravidanza",349
"pre-programmate",348
"pre-volo",347
"pre-matrimoniali",347
"pre-serata",346
"pre-ammortamento",345
"pre-compilato",343
"pre-alpha",341
"pre-concerto",337
"pre-assemblato",336
"pre-trattati",335
"pre-riscaldato",334
"pre-stagionali",331
"pre-cristiani",331
"pre-ciclo",331
"pre-impostata",330
"pre-contrattuali",329
"pre-adolescente",328
"pre-mondiale",328
"pre-clinico",327
"pre-convocati",327
"pre-romane",324
"pre-covid",322
"pre-festivi",322
"pre-operatorie",320
"pre-screening",317
"pre-programmato",317
"pre-concordato",313
"pre-intermedio",310
"pre-valutazione",310
"pre-commerciale",308
"pre-esistenza",307
"pre-rivoluzionario",305
"pre-confezionato",305
"pre-universitario",304
"pre-pagate",302
"pre-guerra",302
"pre-registrata",300
"pre-analisi",299
"pre-commerciali",298
"pre-print",298
"pre-pandemia",297
"pre-semina",297
"pre-corso",296
"pre-moderne",295
"pre-colombiane",285
"pre-immatricolazione",280
"pre-puberale",278
"pre-stagionale",278
"pre-contenzioso",275
"pre-market",275
"pre-configurati",275
"pre-incubazione",271
"pre-registrarsi",270
"pre-unitario",270
"pre-fascista",268
"pre-roll",267
"pre-verbale",265
"pre-concepimento",264
"pre-selezioni",264
"pre-internet",262
"pre-estivo",261
"pre-pagata",260
"pre-digitale",260
"pre-pagato",258
"pre-coloniale",258
"pre-fioritura",257
"pre-caricati",257
"pre-comprensione",254
"pre-fallimentare",253
"pre-allerta",250
"pre-pagamento",249
"pre-matrimonio",248
"pre-selettiva",245
"pre-olimpico",244
"pre-cena",243
"pre-E3",241
"pre-agonistica",240
"pre-islamico",238
"pre-adesioni",237
"pre-sinodale",237
"pre-registrazioni",236
"pre-bellica",236
"pre-asta",236
"pre-definiti",235
"pre-installazione",229
"pre-embrione",228
"pre-visione",228
"pre-congressuale",227
"pre-cinema",227
"pre-concetti",226
"pre-caricato",225
"pre-compilati",224
"pre-natalizi",223
"pre-processuale",223
"pre-qualificazione",220
"pre-ghiera",219
"pre-elezioni",218
"pre-out",218
"pre-istruttoria",218
"pre-universitaria",217
"pre-ipertensione",216
"pre-qualifica",216
"pre-sales",214
"pre-accademico",213
"pre-senza",213
"pre-rivoluzione",212
"pre-romani",211
"pre-chirurgica",209
"pre-caricate",209
"pre-concezionale",209
"pre-natalizie",208
"pre-vedere",207
"pre-Crisi",206
"pre-riempita",205
"pre-parco",205
"pre-marketing",202
"pre-nanna",200
"pre-tagliati",199
"pre-collisione",199
"pre-selezionate",199
"pre-mRNA",195
"pre-viaggio",195
"pre-tumorali",195
"pre-determinato",194
"pre-maman",194
"pre-primaria",193
"pre-campagna",193
"pre-lavaggio",192
"pre-informazione",192
"pre-cliniche",192
"pre-confezionata",190
"pre-indulto",190
"pre-sequenza",190
"pre-consiglio",189
"pre-adottivo",186
"pre-ospedaliera",186
"pre-configurato",185
"pre-renderizzati",183
"pre-dessert",181
"pre-adozione",181
"pre-pensionamenti",181
"pre-beta",180
"pre-moderni",180
"pre-festival",180
"pre-collezione",180
"pre-conferenza",178
"pre-dinner",178
"pre-programmata",177
"pre-razionale",176
"pre-competitivo",175
"pre-consuntivo",175
"pre-voto",174
"pre-sale",174
"pre-ellenica",174
"pre-compilata",173
"pre-configurate",173
"pre-ordinabile",173
"pre-pubblicazione",172
"pre-contenziosa",170
"pre-revisione",168
"pre-ingresso",168
"pre-processing",168
"pre-annunciato",168
"pre-ritiro",167
"pre-assemblate",167
"pre-riempite",167
"pre-sente",166
"pre-ispanica",165
"pre-Euro",165
"pre-juniores",164
"pre-mestruali",164
"pre-rilascio",163
"pre-appello",163
"pre-Fornero",162
"pre-assunzione",162
"pre-chiusura",161
"pre-impasto",161
"pre-romanica",160
"pre-definito",160
"pre-collezioni",158
"pre-scientifica",158
"pre-ospedaliero",158
"pre-carico",158
"pre-nuziale",157
"pre-colombiani",157
"pre-bumper",157
"pre-ospedalizzazione",156
"pre-sonno",155
"pre-Consiglio",153
"pre-rinascimentale",151
"pre-organizzati",151
"pre-esiste",151
"pre-costituiti",150
"pre-imbarco",150
"pre-protostorica",150
"pre-emptive",149
"pre-cottura",148
"pre-lettura",147
"pre-estiva",146
"pre-approvazione",146
"pre-assemblata",146
"pre-mercato",145
"pre-corsi",145
"pre-visualizzazione",144
"pre-trattato",144
"pre-olimpica",144
"pre-tasse",143
"pre-determinati",143
"pre-terremoto",143
"pre-stampato",142
"pre-amplificazione",142
"pre-diagnosi",142
"pre-acquistare",141
"pre-evoluzioni",141
"pre-indoeuropea",140
"pre-Mondiale",140
"pre-caricamento",140
"pre-load",140
"pre-caricata",140
"pre-festivo",139
"pre-frontali",139
"pre-agonistico",139
"pre-analitica",139
"pre-classica",137
"pre-accademica",137
"pre-montato",136
"pre-montaggio",136
"pre-save",134
"pre-vertice",134
"pre-derby",133
"pre-money",133
"pre-finanziamento",133
"pre-fermentativa",132
"pre-competitiva",131
"pre-trattamenti",131
"pre-filtraggio",131
"pre-trattare",131
"pre-bumpers",131
"pre-donazione",131
"pre-Internet",130
"pre-scolastica",129
"pre-qualificazioni",129
"pre-definite",129
"pre-borsa",128
"pre-ordinati",127
"pre-greca",127
"pre-riscaldare",127
"pre-immersione",127
"pre-ascolto",126
"pre-unitarie",126
"pre-impostare",126
"pre-neoplastiche",126
"pre-sinaptico",126
"pre-serali",126
"pre-colombiano",125
"pre-clearing",125
"pre-riserva",124
"pre-seed",124
"pre-universitari",124
"pre-fall",124
"pre-natali",124
"pre-bellici",123
"pre-definita",123
"pre-assegnazione",122
"pre-spettacolo",122
"pre-vaccinali",121
"pre-vaccinale",121
"pre-amplificatori",121
"pre-occuparsi",121
"pre-ovulatoria",121
"pre-umano",120
"pre-pagati",120
"pre-scrittura",120
"pre-amp",120
"pre-sisma",119
"pre-specificata",119
"pre-Inca",119
"pre-assemblaggio",119
"pre-cautelare",118
"pre-diabetici",118
"pre-zincato",118
"pre-progetto",117
"pre-costituito",117
"pre-politici",117
"pre-finali",117
"pre-islamiche",116
"pre-saldi",116
"pre-agonisti",115
"pre-concorsuale",115
"pre-menopausale",115
"pre-war",115
"pre-consolidamento",114
"pre-selezionato",114
"pre-reboot",114
"pre-affrancata",113
"pre-taglio",113
"pre-tagliate",113
"pre-accoglienza",113
"pre-scientifico",113
"pre-romantico",112
"pre-ispaniche",112
"pre-visto",112
"pre-Brexit",112
"pre-conciliari",112
"pre-compilate",111
"pre-capitalistiche",111
"pre-determinata",111
"pre-specificati",110
"pre-riscaldata",110
"pre-stampati",109
"pre-esami",109
"pre-ammissione",109
"pre-referendum",109
"pre-acquistato",107
"pre-sintomatica",107
"pre-eiaculatorie",107
"pre-autorizzare",107
"pre-occupazione",107
"pre-e",107
"pre-chirurgico",106
"pre-inca",106
"pre-mondiali",106
"pre-concetto",106
"pre-prenotazione",106
"pre-cancerosa",106
"pre-inserimento",106
"pre-costruito",105
"pre-stabilito",104
"pre-comprensioni",104
"pre-montati",103
"pre-protesica",103
"pre-produzioni",103
"pre-condizionamento",103
"pre-senti",103
"pre-ordinarlo",102
"pre-assuntiva",102
"pre-audit",102
"pre-dose",102
"pre-set",102
"pre-lockdown",102
"pre-raduno",101
"pre-gravidico",101
"pre-COVID",101
"pre-curvate",101
"pre-determinate",100
"pre-incarico",100
"pre-professionali",100
"pre-classico",100
"pre-umana",100
"pre-consumo",99
"pre-costruiti",99
"pre-party",99
"pre-utilizzo",99
"pre-cog",99
"pre-wedding",98
"pre-antibiotica",98
"pre-vendite",98
"pre-tagliata",98
"pre-nazista",97
"pre-collinare",97
"pre-capitalistico",97
"pre-romantica",97
"pre-festiva",96
"pre-chorus",96
"pre-preg",96
"pre-2008",96
"pre-abilitazione",96
"pre-capitalistica",96
"pre-fiera",95
"pre-rivoluzionari",95
"pre-politiche",95
"pre-installare",95
"pre-asciugatura",94
"pre-filtri",94
"pre-borghese",94
"pre-lavorazione",94
"pre-congressuali",94
"pre-professionale",94
"pre-school",94
"pre-stiramento",94
"pre-logico",94
"pre-imperiale",94
"pre-formazione",94
"pre-barba",93
"pre-CBS",93
"pre-compilazione",93
"pre-risorgimentale",92
"pre-infortunio",92
"pre-caricare",92
"pre-specificato",92
"pre-recessione",92
"pre-primarie",91
"pre-scolastico",91
"pre-clear",91
"pre-selettive",90
"pre-embrioni",90
"pre-B",90
"pre-tagliato",90
"pre-selezionare",89
"pre-certificazione",89
"pre-opening",89
"pre-ispanico",89
"pre-renale",89
"pre-camera",89
"pre-costituite",88
"pre-sintomatici",88
"pre-romanico",88
"pre-stampata",88
"pre-giudiziale",88
"pre-stabiliti",87
"pre-espressivo",87
"pre-qualificati",87
"pre-costituita",87
"pre-vigente",87
"pre-nascita",87
"pre-attivazione",87
"pre-registrare",87
"pre-contratti",87
"pre-islamici",86
"pre-inaugurazione",86
"pre-tecnologica",86
"pre-tattica",86
"pre-AFAM",86
"pre-qualifiche",86
"pre-seminario",86
"pre-socratici",86
"pre-conoscenze",85
"pre-configurata",85
"pre-nuragica",84
"pre-enfasi",84
"pre-progettuale",83
"pre-1985",83
"pre-corsa",83
"pre-uscita",83
"pre-assegnati",83
"pre-delibera",82
"pre-eccitazione",82
"pre-vacanze",82
"pre-etrusca",82
"pre-tour",81
"pre-OT",81
"pre-gare",81
"pre-visioni",81
"pre-verbali",81
"pre-operativo",81
"pre-pubere",81
"pre-testi",81
"pre-ordinate",80
"pre-adolescenziali",80
"pre-ferie",80
"pre-approvati",80
"pre-annuncio",80
"pre-logica",80
"pre-incontro",80
"pre-accettazione",79
"pre-incaica",79
"pre-avviso",79
"pre-agonismo",78
"pre-ellenico",78
"pre-ghiere",78
"pre-patch",78
"pre-operativa",78
"pre-mix",78
"pre-booking",77
"pre-infrazione",77
"pre-conoscenza",77
"pre-forati",77
"pre-industrializzazione",77
"pre-maratona",77
"pre-accensione",77
"pre-costruite",77
"pre-pianificata",77
"pre-verifica",77
"pre-anestesia",77
"pre-trattate",77
"pre-processore",77
"pre-potenza",77
"pre-insurrezionale",77
"pre-curvata",77
"pre-1967",76
"pre-impostazioni",76
"pre-accelerazione",76
"pre-autunnale",76
"pre-indoeuropeo",76
"pre-missione",76
"pre-tumorale",76
"pre-cablato",76
"pre-borghesi",75
"pre-ispanici",75
"pre-costituzionale",75
"pre-conclave",75
"pre-imbottigliamento",75
"pre-torneo",75
"pre-repubblicana",74
"pre-raffreddamento",74
"pre-montata",74
"pre-selezionata",74
"pre-coloniali",74
"pre-capitalista",74
"pre-vacanza",74
"pre-ordinata",73
"pre-renderizzate",73
"pre-commercializzazione",73
"pre-cotti",73
"pre-invernale",73
"pre-fusione",73
"pre-intese",73
"pre-estivi",72
"pre-visita",72
"pre-umani",72
"pre-sinaptica",72
"pre-digestione",72
"pre-fabbricati",72
"pre-dialisi",72
"pre-allestito",72
"pre-primaverile",72
"pre-nozze",71
"pre-evangelizzazione",71
"pre-social",71
"pre-pasto",71
"pre-crimine",70
"pre-modernità",70
"pre-verniciato",70
"pre-indoeuropee",70
"pre-terapia",69
"pre-vede",69
"pre-iscritto",69
"pre-esistono",69
"pre-assessment",69
"pre-ordinazioni",69
"pre-autorizzato",69
"pre-rosse",69
"pre-coronavirus",69
"pre-existing",69
"pre-linguistica",69
"pre-Covid-19",69
"pre-marxista",68
"pre-lavorati",68
"pre-made",68
"pre-militare",68
"pre-pranzo",68
"pre-contatto",68
"pre-ordinazione",67
"pre-tecnologico",67
"pre-implantare",67
"pre-dimensionamento",67
"pre-mestruo",67
"pre-intermediate",67
"pre-dosato",67
"pre-ordina",66
"pre-senta",66
"pre-progettati",66
"pre-operazione",66
"pre-live",66
"pre-incaiche",66
"pre-Cipe",66
"pre-riscaldo",65
"pre-rasatura",65
"pre-disco",65
"pre-fabbricate",65
"pre-protostorico",65
"pre-identificazione",65
"pre-rendering",64
"pre-coma",64
"pre-morale",64
"pre-fase",64
"pre-accordi",64
"pre-stabilita",64
"pre-fallimentari",64
"pre-punk",64
"pre-contrazione",64
"pre-agonistiche",63
"pre-notifica",63
"pre-seminale",63
"pre-iscrivere",63
"pre-belliche",63
"pre-collaudo",63
"pre-aperture",63
"pre-ovulatorio",63
"pre-organizzato",63
"pre-stampate",63
"pre-sociale",63
"pre-spedizione",63
"pre-impregnato",62
"pre-raffaellita",62
"pre-bonsai",62
"pre-elleniche",62
"pre-conflitto",62
"pre-concettuale",62
"pre-vendemmia",62
"pre-mortem",62
"pre-nuragico",62
"pre-giuria",62
"pre-compilare",61
"pre-boom",61
"pre-slash",61
"pre-esistenze",61
"pre-digitali",61
"pre-riflessivo",61
"pre-download",61
"pre-proposal",60
"pre-stabilite",60
"pre-lavoro",60
"pre-negoziazione",60
"pre-maligne",60
"pre-servizio",60
"pre-scolari",60
"pre-fascismo",60
"pre-diabetica",60
"pre-distribuzione",60
"pre-pay",59
"pre-protostoria",59
"pre-accredito",59
"pre-casting",59
"pre-fallimento",59
"pre-illuminista",59
"pre-pensionati",58
"pre-costruzione",58
"pre-pandemico",58
"pre-subentro",58
"pre-configurazione",58
"pre-2020",58
"pre-cancerosi",58
"pre-candidatura",58
"pre-medievale",58
"pre-Crisis",58
"pre-senile",57
"pre-storica",57
"pre-formata",57
"pre-estate",57
"pre-studio",57
"pre-adipociti",57
"pre-impostazione",57
"pre-iscritte",57
"pre-cautelari",57
"pre-pack",57
"pre-progettazione",57
"pre-avvio",57
"pre-decollo",57
"pre-capitalistici",57
"pre-fader",57
"pre-edipica",57
"pre-olimpiche",57
"pre-dibattimentale",57
"pre-festive",57
"pre-allestiti",57
"pre-sviluppo",57
"pre-inizio",57
"pre-infusione",56
"pre-storia",56
"pre-malattia",56
"pre-anni",56
"pre-concilio",56
"pre-capitaliste",56
"pre-foro",56
"pre-scritto",56
"pre-procedura",56
"pre-civile",56
"pre-meeting",56
"pre-razionali",56
"pre-regata",56
"pre-pre",56
"pre-culturale",56
"pre-bonifica",55
"pre-elaborati",55
"pre-sportiva",55
"pre-motoria",55
"pre-potenti",55
"pre-linguistico",55
"pre-Europeo",55
"pre-mascellari",54
"pre-affaticamento",54
"pre-combustione",54
"pre-pandemici",54
"pre-appenninica",54
"pre-conference",54
"pre-formati",54
"pre-lauream",54
"pre-carica",54
"pre-angkoriano",54
"pre-campo",54
"pre-rivoluzionarie",54
"pre-Sila",54
"pre-scientifiche",54
"pre-protostorici",54
"pre-programmazione",53
"pre-greco",53
"pre-scatto",53
"pre-rapporto",53
"pre-teen",53
"pre-congresso",53
"pre-impregnati",53
"pre-dimissione",53
"pre-accesso",53
"pre-shampo",53
"pre-shared",53
"pre-sinaptici",53
"pre-visualizzare",53
"pre-Concilio",53
"pre-approvato",52
"pre-sincope",52
"pre-2011",52
"pre-esaurimento",52
"pre-quali",52
"pre-digeriti",52
"pre-dosati",52
"pre-determinazione",52
"pre-europeo",52
"pre-assegnato",52
"pre-bando",51
"pre-demenza",51
"pre-11",51
"pre-press",51
"pre-annunciata",51
"pre-digerito",51
"pre-socratica",51
"pre-ordineranno",51
"pre-IPO",51
"pre-combattimento",50
"pre-crociera",50
"pre-greche",50
"pre-acquisizione",50
"pre-umane",50
"pre-eiaculazione",50
"pre-dinastico",50
"pre-colloquio",50
"pre-lavorativa",50
"pre-prandiale",50
"pre-op",50
"pre-calcolati",50
"pre-incidente",50
"pre-istoria",50
"pre-condivisa",50
"pre-estive",49
"pre-arrivo",49
"pre-conscio",49
"pre-bolla",49
"pre-Natale",49
"pre-flash",49
"pre-acquistati",49
"pre-owned",49
"pre-operatoriamente",49
"pre-pulizia",49
"pre-riflessiva",49
"pre-immatricolati",49
"pre-diabetico",49
"pre-assuntive",49
"pre-uso",48
"pre-riproduttiva",48
"pre-storico",48
"pre-essiccazione",48
"pre-ritornello",48
"pre-legge",48
"pre-master",48
"pre-generati",48
"pre-sto",48
"pre-1989",48
"pre-applicata",48
"pre-edipico",48
"pre-miscelazione",48
"pre-fabbricato",48
"pre-comunista",48
"pre-inseriti",48
"pre-giudicare",48
"pre-normativa",47
"pre-pensionato",47
"pre-acrobatica",47
"pre-regolazione",47
"pre-fissato",47
"pre-base",47
"pre-sintomatico",47
"pre-prenotato",47
"pre-ordinabili",47
"pre-pubertà",47
"pre-futurista",47
"pre-trucco",47
"pre-potente",47
"pre-dottorato",47
"pre-tesseramento",47
"pre-calibrato",47
"pre-alpina",47
"pre-socratico",47
"pre-processamento",47
"pre-caduta",47
"pre-vita",47
"pre-raffaelliti",46
"pre-critico",46
"pre-affettato",46
"pre-crash",46
"pre-imposte",46
"pre-commercial",46
"pre-gastrica",46
"pre-A1",46
"pre-fissati",46
"pre-moderazione",46
"pre-esisteva",46
"pre-trial",46
"pre-operativi",46
"pre-Alpha",46
"pre-piega",46
"pre-work",46
"pre-verniciatura",46
"pre-buddhista",45
"pre-Oscar",45
"pre-statale",45
"pre-festa",45
"pre-renderizzata",45
"pre-formate",45
"pre-consuntivi",45
"pre-iscriverti",45
"pre-preparati",45
"pre-battesimale",45
"pre-costruita",45
"pre-apocalittico",45
"pre-cosciente",45
"pre-ICO",45
"pre-romaniche",45
"pre-digerite",45
"pre-fillossera",45
"pre-incollato",45
"pre-formato",45
"pre-calcolate",45
"pre-dosate",45
"pre-embrionale",44
"pre-consumer",44
"pre-check",44
"pre-lavorative",44
"pre-svezzamento",44
"pre-cotto",44
"pre-fatte",44
"pre-preparazione",44
"pre-invasione",44
"pre-attività",44
"pre-latina",44
"pre-concezionali",44
"pre-durante-post",44
"pre-occupato",44
"pre-formattato",44
"pre-iniezione",44
"pre-Coronavirus",44
"pre-testuale",44
"pre-sciistica",44
"pre-giuridico",44
"pre-vaccinazione",44
"pre-integrate",44
"pre-competitive",43
"pre-aspromontano",43
"pre-lavorativi",43
"pre-forato",43
"pre-normanna",43
"pre-romantici",43
"pre-neoplastica",43
"pre-processuali",43
"pre-alpino",43
"pre-computer",43
